Id,Name,Occupation,BirtPlace,PerEmail
1,John,Engineer,USA,john@y.com
2,Mike,Teacher,Belgium,mike@g.com
3,Maggy,Nurse,France,maggy@y.com
4,George,Doctor,Germany,george@y.com
5,Ali,Advocate,Turkey,ali@y.com
6,Robert,Pilot,USA,robert@g.com
7,Susanna,Teacher,Germany,s@y.com
8,Laila,Doctor,Morocco,laila@y.com
9,Harry,Scientist,England,harry80@g.com
10,Mark,Doctor,Germany,mark@y.com
